{"model": {"model0": {"C": 0.1, "penalty": "l1", "solver": "liblinear"}, "model1": {"C": 0.1, "penalty": "l1", "solver": "saga"}, "model2": {"C": 0.1, "penalty": "l2", "solver": "liblinear"}}, "precision": {"model0": [0.0, 0.0, 0.0, 0.0, 0.0, 0.0, 0.0, 0.0, 0.0, 0.0], "model1": [0.0, 0.0, 0.0, 0.0, 0.0, 0.0, 0.0, 0.0, 0.0, 0.0], "model2": [0.4666666666666666, 0.687142857142857, 0.6383333333333333, 0.5942857142857143, 0.7183333333333334, 0.6428571428571429, 0.44666666666666666, 0.5533333333333333, 0.6595238095238095, 0.6523809523809524]}, "recall": {"model0": [0.0, 0.0, 0.0, 0.0, 0.0, 0.0, 0.0, 0.0, 0.0, 0.0], "model1": [0.0, 0.0, 0.0, 0.0, 0.0, 0.0, 0.0, 0.0, 0.0, 0.0], "model2": [0.14666666666666667, 0.17333333333333334, 0.15999999999999998, 0.18666666666666665, 0.17333333333333334, 0.21333333333333332, 0.16, 0.17333333333333334, 0.1733333333333333, 0.17333333333333334]}, "f1": {"model0": [0.0, 0.0, 0.0, 0.0, 0.0, 0.0, 0.0, 0.0, 0.0, 0.0], "model1": [0.0, 0.0, 0.0, 0.0, 0.0, 0.0, 0.0, 0.0, 0.0, 0.0], "model2": [0.2137295497909309, 0.2645215311004785, 0.23850622934146956, 0.27947748158274477, 0.2647762522247648, 0.31722488038277513, 0.23523809523809525, 0.26, 0.26163941202304375, 0.2697501329080277]}, "accuracy": {"model0": [0.7939497716894977, 0.7939497716894977, 0.7939497716894977, 0.7939497716894977, 0.7939497716894977, 0.7939497716894977, 0.7939497716894977, 0.7939497716894977, 0.7939497716894977, 0.7939497716894977], "model1": [0.7939497716894977, 0.7939497716894977, 0.7939497716894977, 0.7939497716894977, 0.7939497716894977, 0.7939497716894977, 0.7939497716894977, 0.7939497716894977, 0.7939497716894977, 0.7939497716894977], "model2": [0.7995053272450532, 0.8049467275494673, 0.80220700152207, 0.8020928462709286, 0.8076864535768646, 0.813089802130898, 0.7993911719939117, 0.8021689497716895, 0.8022450532724505, 0.807724505327245]}, "auc": {"model0": [0.6025730994152048, 0.5810889292196008, 0.6201068763863683, 0.6169469651139342, 0.6308408953418028, 0.6241822948175034, 0.6160233918128655, 0.6055374067352288, 0.6169751966122202, 0.6082577132486389], "model1": [0.6202863480540431, 0.6173422060899375, 0.6144565436579956, 0.6074712643678162, 0.6109457551925792, 0.6202460173422061, 0.6153236539624924, 0.629409155071587, 0.6257108287961282, 0.6319298245614036], "model2": [0.6994192377495463, 0.7039080459770114, 0.7025005041338981, 0.688957451099012, 0.6746602137527727, 0.7106876386368219, 0.6842064932446057, 0.6581568864690462, 0.6875378100423472, 0.6657914902198023]}}